{
    "type": "kitchenkarrot:cocktail",
    "author":"test",
    "content":{
        "recipe":[
            {
                "item" : "minecraft:sugar"
            },
            {
                "item": "minecraft:sugar"
            },
            {
                "item" : "minecraft:sugar"
            },
            {
                "item" : "minecraft:sugar"
            },
            {
                "item" : "minecraft:sugar"
            }
        ],
        "craftingtime":80,
        "hunger":1,
        "saturation":2,
        "effect":[
            {"id":"minecraft:darkness","lvl":0,"duration":100}
        ]
    }
}
